{"cameraMode":{"drawMode":0,"name":"Shaded","section":"Shading Mode"},"sceneLighting":true,"audioPlay":false,"sceneViewState":{"m_AlwaysRefresh":false,"showFog":true,"showSkybox":true,"showFlares":true,"showImageEffects":true,"showParticleSystems":true,"showVisualEffectGraphs":true,"m_FxEnabled":true},"in2DMode":false,"pivot":{"x":-0.37338966131210329,"y":-0.10642147064208985,"z":9.918262481689454},"rotation":{"x":0.15536732971668244,"y":-0.0029635531827807428,"z":0.0004661061684601009,"w":0.9878528118133545},"size":11.96388053894043,"orthographic":true}